﻿<?xml version="1.0" encoding="utf-8" ?>
<localizationDictionary culture="it">
  <texts>
    <text name="TenantName" value="Nome istanza" />
    <text name="Save" value="Salva" />
    <text name="SavedSuccessfully" value="Salvato correttamente." />
    <text name="SaveAll" value="Salva tutto" />
    <text name="SuccessfullySaved" value="Salvato Correttamente" />
    <text name="SaveAndClose" value="Salva e Chiudi" />
    <text name="SaveAndNext" value="Salva e Successivo" />
    <text name="AboutUs" value="Chi Siamo" />
    <text name="HomePage" value="Pagina Principale" />
    <text name="Administration" value="Amministrazione" />
    <text name="Roles" value="Ruoli" />
    <text name="Users" value="Utenti" />
    <text name="InvalidFormMessage" value="Form non valida. Per favore controlla e correggi." />
    <text name="InvalidUserNameOrPassword" value="Nome utente o password errati" />
    <text name="ThereIsNoTenantDefinedWithName{0}" value="Non esiste un istanza con il nome {0}" />
    <text name="TenantIsNotActive" value="Istanza {0} non attiva." />
    <text name="UserIsNotActiveAndCanNotLogin" value="Utente {0} non attivo e non può collegarsi." />
    <text name="PleaseEnterLoginInformation" value="Per favore inserisci le informazioni di accesso." />
    <text name="TenancyName" value="Nome Istanza" />
    <text name="UserNameOrEmail" value="Nome utente o indirizzo email" />
    <text name="Password" value="Password" />
    <text name="RememberMe" value="Ricordami" />
    <text name="LogIn" value="Accesso" />
    <text name="ForgotPassword" value="Password dimenticata?" />
    <text name="DontYouHaveAnAccount" value="Non hai un account?" />
    <text name="CreateAnAccount" value="Crea account" />
    <text name="Pages" value="Pagine" />
    <text name="RoleName" value="Nome Ruolo" />
    <text name="EditRole" value="Modifica Ruolo" />
    <text name="CreateNewRole" value="Crea nuovo ruolo" />
    <text name="RoleProperties" value="Proprietà del ruolo" />
    <text name="Permissions" value="Pemessi" />
    <text name="Cancel" value="Annulla" />
    <text name="RolesHeaderInfo" value="Utilizza i ruoli per assegnare i permessi ad un gruppo." />
    <text name="Static" value="Statico" />
    <text name="Actions" value="Azioni" />
    <text name="Delete" value="Cancella" />
    <text name="AreYouSure" value="Sei sicuro?" />
    <text name="YesDelete" value="Ok, cancellato!" />
    <text name="DeletingUser" value="Cancellazione utente" />
    <text name="UsersHeaderInfo" value="Modifica utenti e permessi." />
    <text name="CreateNewUser" value="Crea nuovo utente" />
    <text name="UserName" value="Nome Utente" />
    <text name="Name" value="Nome" />
    <text name="Surname" value="Cognome" />
    <text name="EmailAddress" value="Indirizzo email." />
    <text name="LastLoginTime" value="Date e ora ultimo accesso" />
    <text name="EditUser" value="Modifica utente" />
    <text name="UserInformations" value="Informazioni utente" />
    <text name="PasswordRepeat" value="Password (ripeti)" />
    <text name="SuccessfullyDeleted" value="Cancellato correttamente." />
    <text name="RoleDeleteWarningMessage" value="Il ruolo {0} verrà cancellato e tutti gli utenti verranno rimossi dal ruolo." />
    <text name="UserDeleteWarningMessage" value="L'utente {0} verrà cancellato." />
    <text name="Active" value="Attivo" />
    <text name="EmailConfirm" value="Email confermata." />
    <text name="Yes" value="Si" />
    <text name="No" value="No" />
    <text name="MySettings" value="Mie Impostazioni" />
    <text name="Logout" value="Uscita" />
    <text name="Reset" value="Reset" />
    <text name="ResetPermissionsTooltip" value="Premendo questo pulsante l'utente verrà resettato dai permessi specifici e verrà salvata la modifica. L'utente avrà solo i permessi per i ruoli assegnati." />
    <text name="ResetSuccessfully" value="Reset eseguito correttamente" />
    <text name="Tenants" value="Istanze" />
    <text name="TenantsHeaderInfo" value="Gestione delle istanze." />
    <text name="CreateNewTenant" value="Crea nuova istanza" />
    <text name="TenancyCodeName" value="Codice istanza" />
    <text name="TenantDeleteWarningMessage" value="L'istanza {0} verrà cancellata." />
    <text name="AdminEmailAddress" value="email amministatore (admin)" />
    <text name="AdminPassword" value="Password Amministratore (admin)" />
    <text name="AdminPasswordRepeat" value="admin password (ripeti)" />
    <text name="EditTenant" value="Modifica istanza" />
    <text name="ChangingPermissions" value="Modifica permessi" />
    <text name="EditingUser" value="Modifica utente" />
    <text name="CreatingNewUser" value="Crea nuovo utente" />
    <text name="Edit" value="Modifica" />
    <text name="EditingTenant" value="Modifica istanza" />
    <text name="CreatingNewTenant" value="Crea nuova istanza" />
    <text name="DeletingTenant" value="Cancellazione istanza" />
    <text name="EditingRole" value="Modifica ruolo" />
    <text name="CreatingNewRole" value="Crea nuovo ruolo" />
    <text name="DeletingRole" value="Cancellazione ruolo" />
    <text name="CreationTime" value="Data e ora creazione" />
    <text name="SearchWithThreeDot" value="Cerca..." />
    <text name="ResetSpecialPermissions" value="Reimposta permessi speciali" />
    <text name="SavingWithThreeDot" value="Salvataggio..." />
    <text name="Settings" value="Impostazioni" />
    <text name="SettingsHeaderInfo" value="Visualizza e modifica le impostazioni dell'applicazione." />
    <text name="EmailSmtp" value="SMPT email" />
    <text name="DefaultFromAddress" value="Indirizzo email (di invio)" />
    <text name="DefaultFromDisplayName" value="Nome visualizzato per l'invio email." />
    <text name="SmtpHost" value="Server SMTP" />
    <text name="SmtpPort" value="Porta SMTP" />
    <text name="UseDefaultCredentials" value="Usa credenziali di default" />
    <text name="DomainName" value="Nome Dominio" />
    <text name="UseSsl" value="Usa SSL" />
    <text name="ThisWebSiteRootAddress" value="Indirizzo principale del sito." />
    <text name="ThisWebSiteRootAddress_Hint" value="L'indirizzo viene utilizzato per la creazione del link al sito. E' necessario per alcune operazioni come ad esempio il link per la reimpostazione della password Es. http://miodominio.com/" />
    <text name="General" value="Generale" />
    <text name="SendPasswordResetLink_Information" value="Un link per il impostare la password ti sarà invitato via mail. Se non ricevi la mail entro pochi minuti, per favore riprova." />
    <text name="Send" value="Invio" />
    <text name="PasswordReset" value="Reimposta password" />
    <text name="InvalidUserNameOrEmailAddress" value="Nome utente o indirizzo email non validi" />
    <text name="PasswordResetEmail_Subject" value="AbpZeroTemplate reimpostazione password" />
    <text name="PasswordResetEmail_Title" value="AbpZeroTemplate reset password." />
    <text name="PasswordResetEmail_SubTitle" value="Questa mail ti è stata inviata per resettare e ri-creare la tua password." />
    <text name="PasswordResetEmail_ClickTheLinkBelowToResetYourPassword" value="Clicca sul link sotto per resettare la password:" />
    <text name="EmailActivation_Subject" value="AbpZeroTemplate attivazione utente" />
    <text name="EmailActivation_Title" value="Benvenuto in AbpZeroTemplate." />
    <text name="EmailActivation_SubTitle" value="Questa mail ti è stata inviata per verificare la tua email." />
    <text name="EmailActivation_ClickTheLinkBelowToVerifyYourEmail" value="Per favore clicca il link sottostante per verificare la tua email:" />
    <text name="InvalidEmailAddress" value="Indirizzo email non valido" />
    <text name="InvalidPasswordResetCode" value="Codice reset password non valido" />
    <text name="InvalidPasswordResetCode_Detail" value="Per favore assicurati di avere inserito questa pagina per l'invio via mail. Se questo non risolve il problema, puoi riprovare richiedendo un nuovo link per il reset della password" />
    <text name="PleaseEnterYourNewPassword" value="Per favore inserisci una nuova password." />
    <text name="UserEmailIsNotConfirmedAndCanNotLogin" value="Il tuo indirizzo email non è stato confermato. Per favore controlla la tua mail e clicca sul link di conferma per attivare il tuo account. Se non ricevi la mail di attivazione, clicca su 'Conferma email' per richiedere un nuovo invio mail." />
    <text name="LoginFailed" value="Accesso fallito!" />
    <text name="InvalidEmailConfirmationCode" value="Codice di conferma email non valido" />
    <text name="YourEmailIsConfirmedMessage" value="Il tuo indirizzo email è stato confermato correttamente." />
    <text name="ShouldChangePasswordOnNextLogin" value="Imponi il cambio password al prossimo accesso." />
    <text name="SetRandomPassword" value="Imposta password casuale." />
    <text name="EmailActivation" value="Email di attivazione" />
    <text name="SendEmailActivationLink_Information" value="Un link ti verrò inviato via email per attivare l'indirizzo. Se non ricevi nessuna mail in pochi minuti, per favore riprova." />
    <text name="SendActivationEmail" value="Invio email di attivazione." />
    <text name="ChangePassword" value="Cambia password" />
    <text name="CurrentPassword" value="Password corrente" />
    <text name="NewPassword" value="Nuova Password" />
    <text name="NewPasswordRepeat" value="Nuova Password (ripeti)" />
    <text name="YourPasswordHasChangedSuccessfully" value="La tua password è stata cambiata correttamente." />
    <text name="SelfUserRegistrationIsDisabledMessage" value="Non puoi registrarti a questo sistema!" />
    <text name="SelfUserRegistrationIsDisabledMessage_Detail" value="La registrazione autonoma è disabilitata. Per favore contatta l'amministratore di sistema per registrarti." />
    <text name="SuccessfullyRegistered" value="Registrato correttamente" />
    <text name="NameSurname" value="Nome Cognome" />
    <text name="UserManagement" value="Gestione Utente" />
    <text name="AllowUsersToRegisterThemselves" value="Consenti agli utenti la registrazione al sistema." />
    <text name="AllowUsersToRegisterThemselves_Hint" value="Se disabiliti questa impostazione, gli utenti potranno essere aggiunti solo dall'amministratore utilizzando la pagina di gestione utenti." />
    <text name="NewRegisteredUsersIsActiveByDefault" value="La registrazione dei nuovi utenti e attiva per default." />
    <text name="NewRegisteredUsersIsActiveByDefault_Hint" value="Se disabiliti questo flag, i nuovi utenti non saranno attivi (e non potranno accedere) fino a quando un amministratore non attiverà il loro account." />
    <text name="Default" value="Predefinito" />
    <text name="DefaultRole_Description" value="Assegna ai nuovi utenti in modo predefinito." />
    <text name="StaticRole_Tooltip" value="I ruoli statici non possono essere cancellati." />
    <text name="EmailConfirmationRequiredForLogin" value="Richiedi conferma email per accedere." />
    <text name="{0}UserCannotBeDeleted" value="L'utente {0} non può essere cancellato." />
    <text name="TenantNameCanNotBeEmpty" value="Il nome istanza non può essere vuoto" />
    <text name="ExportToExcel" value="Esporta in Excel" />
    <text name="ChangeProfilePicture" value="Cambia immagine del profilo" />
    <text name="TenantName_Regex_Description" value="Il nome istanza deve essere di alemno 2 caratteri, iniziare con una lettere e continuare con una lettere, un numero, il trattino basso ('_') o meno ('-')" />
    <text name="ProfilePicture_Change_Info" value="Puoi selezionare un immagine JPG/JPEG/PNG con una dimensione massima di 1MB." />
    <text name="ProfilePicture_Change_Error" value="La tua immagine del profilo non può essere modificata." />
    <text name="ProfilePicture_Warn_SizeLimit" value="L'immagine del profilo deve essere minore di 1MB. Per favore seleziona un altro file." />
    <text name="ProfilePicture_Warn_FileType" value="Puoi selezionare solo file JPG/JPEG. Per favore seleziona un altro file." />
    <text name="Dashboard" value="Dashboard" />
    <text name="DashboardHeaderInfo" value="statistice e report" />
    <text name="GoToApplication" value="Entra nell'applicazione" />
    <text name="TenantInformations" value="Informazioni dell'Istanza" />
    <text name="PersonalInformations" value="Informazioni Personali" />
    <text name="AccountSettings" value="Impostazioni Account" />
    <text name="Captha_Hint" value="Per favore inserisci il codice di sicurezza visualizzato nell'immagine sotto:" />
    <text name="Back" value="Indietro" />
    <text name="Submit" value="Invia" />
    <text name="SignUp" value="Accedi" />
    <text name="CaptchaCanNotBeEmpty" value="Il codice sicurezza non può essere vuoto." />
    <text name="IncorrectCaptchaAnswer" value="Codice di sicurezza non valido." />
    <text name="FormIsNotValidMessage" value="Form non valido. Per favore controlla e correggi gli errori." />
    <text name="CanNotChangeAdminUserName" value="Non puoi modificare il nome utente dell'amministratore (admin)." />
    <text name="Error" value="Errore!" />
    <text name="OopsYouAreLost" value="Oops! Ti sei perso!" />
    <text name="WeCanNotFindThePage" value="Impossibile trovare la pagina richiesta." />
    <text name="DashboardDemo_Note_Title" value="Benvenuto in ASP.NET Zero statup project!" />
    <text name="WelcomePage_Title" value="Benvenuto!" />
    <text name="RequestedFileDoesNotExists" value="Il file richiesto non esiste!" />
    <text name="MailSent" value="Messaggio inviato" />
    <text name="PasswordResetMailSentMessage" value="Un link per il reset della password ti è stato inviato. Per favore controlla le tue email." />
    <text name="ActivationMailSentMessage" value="Un messaggio con il link di attivazione ti è stato inviato al tuo indirizzo email. Per favore controlla le tue email." />
    <text name="UseCaptchaOnRegistration" value="Utilizza l'immagine di sicurezza (captcha) in registrazione." />
    <text name="FormBasedRegistration" value="Registrazione tramite form." />
    <text name="LdapSettings" value="Impostazioni LDAP" />
    <text name="EnableLdapAuthentication" value="Abilita autenticazione LDAP." />
    <text name="OtherSettings" value="Altre impostazioni" />
    <text name="AuditLogs" value="Log di Controllo" />
    <text name="Success" value="Successo" />
    <text name="Time" value="Tempo" />
    <text name="Service" value="Servizio" />
    <text name="Action" value="Azione" />
    <text name="Duration" value="Durata" />
    <text name="IpAddress" value="Indirizzo IP" />
    <text name="Client" value="Client" />
    <text name="Browser" value="Browser" />
    <text name="Xms" value="{0} ms" />
    <text name="Close" value="Chiudi" />
    <text name="Refresh" value="Ricarica" />
    <text name="ErrorState" value="Stato dell'errore" />
    <text name="All" value="Tutto" />
    <text name="HasError" value="In Errore" />
    <text name="ShowAdvancedFilters" value="Mostra filtri avanzati" />
    <text name="HideAdvancedFilters" value="Nascondi Filtri Avanzati" />
    <text name="AuditLogDetail" value="Dettaglio dei log" />
    <text name="Parameters" value="Parametri" />
    <text name="DateRange" value="Intervallo" />
    <text name="ActionInformations" value="Informazioni azione" />
    <text name="Today" value="Oggi" />
    <text name="Yesterday" value="Ieri" />
    <text name="Last7Days" value="Ultimi 7 giorni" />
    <text name="Last30Days" value="Ultimi 30 giorni" />
    <text name="ThisMonth" value="Questo mese" />
    <text name="LastMonth" value="Ultimo mese" />
    <text name="TenantSelection" value="Seleziona Istanza" />
    <text name="TenantSelection_Detail" value="Per favore selezione una delle seguenti istanze." />
    <text name="LoginWith" value="Accedi con:" />
    <text name="PasswordChangeDontRememberMessage" value="Se non ricordi la tua password, {0}." />
    <text name="ClickHere" value="Clicca qui" />
    <text name="Apply" value="Applica" />
    <text name="CustomRange" value="Intervallo personalizzato" />
    <text name="SeeDemo" value="Visualizza la demo" />
    <text name="Edition" value="Edizione" />
    <text name="Editions" value="Edizioni" />
    <text name="EditionsHeaderInfo" value="Gestione edizioni e funzionalità dell'applicazione" />
    <text name="CreateNewEdition" value="Crea nuova edizione" />
    <text name="EditEdition" value="Modifica edizione" />
    <text name="EditionProperties" value="Proprietà dell'edizione" />
    <text name="EditionName" value="Nome Edizione" />
    <text name="Features" value="Funzionalità" />
    <text name="EditionDeleteWarningMessage" value="L'edizione {0} verrà cancellata e rimossa da tutte le istanze." />
    <text name="CreatingNewEdition" value="Crea nuova edizione" />
    <text name="EditingEdition" value="Modifica edizione" />
    <text name="DeletingEdition" value="Canellazione edizione" />
    <text name="ChangingFeatures" value="Modifica funzionalità" />
    <text name="ResetSpecialFeatures" value="Resetta funzionalità speciali" />
    <text name="NotAssigned" value="Non assegnato" />
    <text name="InvalidFeaturesWarning" value="Una o più funzionalità hanno valori non validi." />
    <text name="Languages" value="Lingue" />
    <text name="LanguagesHeaderInfo" value="Gestione della lingua dell'interfaccia utente." />
    <text name="CreateNewLanguage" value="Crea nuova lingua" />
    <text name="Code" value="Codice" />
    <text name="CreatingNewLanguage" value="Creazione nuova lingua" />
    <text name="EditingLanguage" value="Modifica lingua" />
    <text name="DeletingLanguages" value="Cancellazione lingua" />
    <text name="ChangingTexts" value="Modifica testi" />
    <text name="Language" value="Lingua" />
    <text name="Flag" value="Bandiera" />
    <text name="SetAsDefaultLanguage" value="Imposta come lingua di default" />
    <text name="InvlalidLanguageCode" value="Codice lingua non valido." />
    <text name="EditLanguage" value="Modifica lingua" />
    <text name="ChangeTexts" value="Modifica testi." />
    <text name="TargetValue" value="Valore di destinazione" />
    <text name="BaseValue" value="Valore base" />
    <text name="Key" value="Chiave" />
    <text name="EditText" value="Modifica Testo" />
    <text name="LanguageTexts" value="Testi in lingua" />
    <text name="LanguageTextsHeaderInfo" value="Modifica i testi per le lingue." />
    <text name="EmptyOnes" value="Solo vuoti" />
    <text name="Source" value="Sorgente" />
    <text name="BaseLanguage" value="Lingua base" />
    <text name="TargetLanguage" value="Lingua destinazione" />
    <text name="Previous" value="Precedente" />
    <text name="LanguageDeleteWarningMessage" value="Sei sicuro di cancellare la lingua {0}?" />
    <text name="CanNotEditOrDeleteDefaultLanguages" value="Non puoi modificare o cancellare le lingue predefinite. Puoi solo modificare o cancellare le lingue che hai aggiunto. Puoi però modificare i testi di tutte le lingue." />
    <text name="ThisLanguageAlreadyExists" value="Questa lingua esiste già!" />
    <text name="OrganizationUnits" value="Unità organizzative" />
    <text name="OrganizationUnitsHeaderInfo" value="Utilizza le unità organizzative per organizzare utenti ed entità" />
    <text name="OrganizationTree" value="Albero dell'organizzazione" />
    <text name="Members" value="Membri" />
    <text name="SelectAnOrganizationUnitToSeeMembers" value="Seleziona un'organizzazione per veder i suoi membri." />
    <text name="OrganizationUnitDeleteWarningMessage" value="Sei sicuro di voler cancellare l'unità organizzativa {0}?" />
    <text name="AddSubUnit" value="Aggiungi sotto organizzazione" />
    <text name="AddMember" value="Aggiungi un membro" />
    <text name="SuccessfullyAdded" value="Aggiunto correttamente" />
    <text name="RemoveUserFromOuWarningMessage" value="Sei sicuro di voler rimuovere l'utente {0} dall'unità organizzativa {1}?" />
    <text name="SuccessfullyRemoved" value="Rimosso correttamente" />
    <text name="SelectAnItem" value="Seleziona un elemento" />
    <text name="NewOrganizationUnit" value="Nuova unità organizzativa" />
    <text name="SelectAUser" value="Seleziona un utente" />
    <text name="Select" value="Seleziona" />
    <text name="UserIsAlreadyInTheOrganizationUnit" value="Questo utente è già in questa unità organizzativa!" />
    <text name="AddRootUnit" value="Aggiunti un'unità base" />
    <text name="AddUser" value="Aggiungi utente" />
    <text name="NoOrganizationUnitDefinedYet" value="Nessuno unità organizzativa già definita." />
    <text name="OrganizationUnitMoveConfirmMessage" value="Per favore conferma di voler muovere {0} verso {1}." />
    <text name="Root" value="Base (root)" />
    <text name="SuccessfullyMoved" value="Correttamente spostato." />
    <text name="AddedTime" value="Tempo aggiunto" />
    <text name="ManagingMembers" value="Gestione memebri" />
    <text name="ManagingOrganizationTree" value="Gestione albero dell'organizzazione" />
    <text name="LoginForUsers" value="Accedi con l'utente" />
    <text name="LoginAsThisUser" value="Accedi come questo utente" />
    <text name="BackToMyAccount" value="Ritorna al mio account" />
    <text name="LoginForTenants" value="Accedi per le istanze" />
    <text name="LoginAsThisTenant" value="Accedi come questa istanza" />
    <text name="AuditLogImpersonatedOperationInfo" value="Nota: questa operazione verrà eseguita da un'altro utente per conto di questo utente." />
    <text name="CustomData" value="Dati personalizzati" />
    <text name="None" value="Nessuno" />
    <text name="YouCanBackToYourAccount" value="Puoi tornare al tuo account da qui." />
    <text name="CascadeImpersonationErrorMessage" value="Non puoi impersonarti a cascata. Stai già impersonando un altro utente rispetto a quello con il quale hai fatto accesso!" />
    <text name="FromTenantToHostImpersonationErrorMessage" value="Non puoi impersonare un utente HOST da un utente istanza!" />
    <text name="DifferentTenantImpersonationErrorMessage" value="Non puoi impersonare un utente di un'altra istanza!" />
    <text name="ImpersonationTokenErrorMessage" value="Token per impersonare non valido o scaduto!" />
    <text name="LinkedAccounts" value="Account collegati" />
    <text name="ManageAccounts" value="Gestione Account" />
    <text name="LinkNewAccount" value="Collega nuovo account" />
    <text name="SuccessfullyUnlinked" value="Correttamente collegato" />
    <text name="LinkedUserDeleteWarningMessage" value="Il collegamento all'utente {0} verrà cancellato." />
    <text name="SwitchToLinkedAccountTokenErrorMessage" value="Token per impersonare non valido o scaduto!" />
    <text name="WelcomeToTheApplicationNotificationMessage" value="Benvenuto in AbpZeroTemplate! Il sistema delle notifiche viene utilizzato per la gestione degli eventi. Puoi selezionare le notifiche da ricevere dalla gestione delle notifiche." />
    <text name="NewUserRegisteredNotificationDefinition" value="Un nuovo utente si è registrato nella piattaforma." />
    <text name="NewUserRegisteredNotificationMessage" value="Un nuovo utente si è registrato alla piattaforma. Nome utente: {userName}, indirizzo email:{emailAddress}." />
    <text name="SeeAllNotifications" value="Visualizza tutte le notifiche" />
    <text name="SetAsRead" value="Segna come letta" />
    <text name="SetAllAsRead" value="Segna tutte come lette" />
    <text name="NotificationSettings" value="Impostazione delle notifiche" />
    <text name="ReceiveNotifications" value="Ricevi le notifiche" />
    <text name="ReceiveNotifications_Definition" value="Questa opzione serve per abilitare o disabilitare completamente le notifiche." />
    <text name="NotificationTypes" value="Tipi di notifica" />
    <text name="Notifications" value="Notifiche" />
    <text name="ThereIsNoNotification" value="Non ci sono notifiche." />
    <text name="Unread" value="Non lette" />
    <text name="YouCanNotDeleteOwnAccount" value="Non puoi cancellare il tuo account!" />
  </texts>
</localizationDictionary>